ApiController.java,edu.ucsb.cs156.example.controllers.ApiController,org.pitest.mutationtest.engine.gregor.mutators.returns.NullReturnValsMutator,genericMessage,38,KILLED,edu.ucsb.cs156.example.controllers.UCSBDiningCommonsMenuItemControllerTests.[engine:junit-jupiter]/[class:edu.ucsb.cs156.example.controllers.UCSBDiningCommonsMenuItemControllerTests]/[method:admin_can_delete_a_date()]
ApiController.java,edu.ucsb.cs156.example.controllers.ApiController,org.pitest.mutationtest.engine.gregor.mutators.returns.NullReturnValsMutator,getCurrentUser,29,KILLED,edu.ucsb.cs156.example.controllers.UserInfoControllerTests.[engine:junit-jupiter]/[class:edu.ucsb.cs156.example.controllers.UserInfoControllerTests]/[method:currentUser__logged_in()]
ApiController.java,edu.ucsb.cs156.example.controllers.ApiController,org.pitest.mutationtest.engine.gregor.mutators.returns.NullReturnValsMutator,handleGenericException,49,KILLED,edu.ucsb.cs156.example.controllers.UCSBDiningCommonsControllerTests.[engine:junit-jupiter]/[class:edu.ucsb.cs156.example.controllers.UCSBDiningCommonsControllerTests]/[method:test_that_logged_in_user_can_get_by_id_when_the_id_does_not_exist()]
ArticlesController.java,edu.ucsb.cs156.example.controllers.ArticlesController,org.pitest.mutationtest.engine.gregor.mutators.returns.NullReturnValsMutator,allArticles,44,KILLED,edu.ucsb.cs156.example.controllers.ArticlesControllerTests.[engine:junit-jupiter]/[class:edu.ucsb.cs156.example.controllers.ArticlesControllerTests]/[method:logged_in_user_can_get_all_ucsbdates()]
ArticlesController.java,edu.ucsb.cs156.example.controllers.ArticlesController,org.pitest.mutationtest.engine.gregor.mutators.VoidMethodCallMutator,deleteArticle,94,KILLED,edu.ucsb.cs156.example.controllers.ArticlesControllerTests.[engine:junit-jupiter]/[class:edu.ucsb.cs156.example.controllers.ArticlesControllerTests]/[method:admin_can_delete_a_date()]
ArticlesController.java,edu.ucsb.cs156.example.controllers.ArticlesController,org.pitest.mutationtest.engine.gregor.mutators.returns.NullReturnValsMutator,deleteArticle,95,KILLED,edu.ucsb.cs156.example.controllers.ArticlesControllerTests.[engine:junit-jupiter]/[class:edu.ucsb.cs156.example.controllers.ArticlesControllerTests]/[method:admin_can_delete_a_date()]
ArticlesController.java,edu.ucsb.cs156.example.controllers.ArticlesController,org.pitest.mutationtest.engine.gregor.mutators.returns.NullReturnValsMutator,getById,83,KILLED,edu.ucsb.cs156.example.controllers.ArticlesControllerTests.[engine:junit-jupiter]/[class:edu.ucsb.cs156.example.controllers.ArticlesControllerTests]/[method:test_that_logged_in_user_can_get_by_id_when_the_id_exists()]
ArticlesController.java,edu.ucsb.cs156.example.controllers.ArticlesController,org.pitest.mutationtest.engine.gregor.mutators.returns.NullReturnValsMutator,lambda$deleteArticle$1,92,KILLED,edu.ucsb.cs156.example.controllers.ArticlesControllerTests.[engine:junit-jupiter]/[class:edu.ucsb.cs156.example.controllers.ArticlesControllerTests]/[method:admin_tries_to_delete_non_existant_ucsbdate_and_gets_right_error_message()]
ArticlesController.java,edu.ucsb.cs156.example.controllers.ArticlesController,org.pitest.mutationtest.engine.gregor.mutators.returns.NullReturnValsMutator,lambda$getById$0,81,KILLED,edu.ucsb.cs156.example.controllers.ArticlesControllerTests.[engine:junit-jupiter]/[class:edu.ucsb.cs156.example.controllers.ArticlesControllerTests]/[method:test_that_logged_in_user_can_get_by_id_when_the_id_does_not_exist()]
ArticlesController.java,edu.ucsb.cs156.example.controllers.ArticlesController,org.pitest.mutationtest.engine.gregor.mutators.returns.NullReturnValsMutator,lambda$updateArticle$2,106,KILLED,edu.ucsb.cs156.example.controllers.ArticlesControllerTests.[engine:junit-jupiter]/[class:edu.ucsb.cs156.example.controllers.ArticlesControllerTests]/[method:admin_cannot_edit_ucsbdate_that_does_not_exist()]
ArticlesController.java,edu.ucsb.cs156.example.controllers.ArticlesController,org.pitest.mutationtest.engine.gregor.mutators.VoidMethodCallMutator,postArticles,64,KILLED,edu.ucsb.cs156.example.controllers.ArticlesControllerTests.[engine:junit-jupiter]/[class:edu.ucsb.cs156.example.controllers.ArticlesControllerTests]/[method:an_admin_user_can_post_a_new_ucsbdate()]
ArticlesController.java,edu.ucsb.cs156.example.controllers.ArticlesController,org.pitest.mutationtest.engine.gregor.mutators.VoidMethodCallMutator,postArticles,65,KILLED,edu.ucsb.cs156.example.controllers.ArticlesControllerTests.[engine:junit-jupiter]/[class:edu.ucsb.cs156.example.controllers.ArticlesControllerTests]/[method:an_admin_user_can_post_a_new_ucsbdate()]
ArticlesController.java,edu.ucsb.cs156.example.controllers.ArticlesController,org.pitest.mutationtest.engine.gregor.mutators.VoidMethodCallMutator,postArticles,66,KILLED,edu.ucsb.cs156.example.controllers.ArticlesControllerTests.[engine:junit-jupiter]/[class:edu.ucsb.cs156.example.controllers.ArticlesControllerTests]/[method:an_admin_user_can_post_a_new_ucsbdate()]
ArticlesController.java,edu.ucsb.cs156.example.controllers.ArticlesController,org.pitest.mutationtest.engine.gregor.mutators.VoidMethodCallMutator,postArticles,67,KILLED,edu.ucsb.cs156.example.controllers.ArticlesControllerTests.[engine:junit-jupiter]/[class:edu.ucsb.cs156.example.controllers.ArticlesControllerTests]/[method:an_admin_user_can_post_a_new_ucsbdate()]
ArticlesController.java,edu.ucsb.cs156.example.controllers.ArticlesController,org.pitest.mutationtest.engine.gregor.mutators.VoidMethodCallMutator,postArticles,68,KILLED,edu.ucsb.cs156.example.controllers.ArticlesControllerTests.[engine:junit-jupiter]/[class:edu.ucsb.cs156.example.controllers.ArticlesControllerTests]/[method:an_admin_user_can_post_a_new_ucsbdate()]
ArticlesController.java,edu.ucsb.cs156.example.controllers.ArticlesController,org.pitest.mutationtest.engine.gregor.mutators.returns.NullReturnValsMutator,postArticles,72,KILLED,edu.ucsb.cs156.example.controllers.ArticlesControllerTests.[engine:junit-jupiter]/[class:edu.ucsb.cs156.example.controllers.ArticlesControllerTests]/[method:an_admin_user_can_post_a_new_ucsbdate()]
ArticlesController.java,edu.ucsb.cs156.example.controllers.ArticlesController,org.pitest.mutationtest.engine.gregor.mutators.VoidMethodCallMutator,updateArticle,108,KILLED,edu.ucsb.cs156.example.controllers.ArticlesControllerTests.[engine:junit-jupiter]/[class:edu.ucsb.cs156.example.controllers.ArticlesControllerTests]/[method:admin_can_edit_an_existing_ucsbdate()]
ArticlesController.java,edu.ucsb.cs156.example.controllers.ArticlesController,org.pitest.mutationtest.engine.gregor.mutators.VoidMethodCallMutator,updateArticle,109,KILLED,edu.ucsb.cs156.example.controllers.ArticlesControllerTests.[engine:junit-jupiter]/[class:edu.ucsb.cs156.example.controllers.ArticlesControllerTests]/[method:admin_can_edit_an_existing_ucsbdate()]
ArticlesController.java,edu.ucsb.cs156.example.controllers.ArticlesController,org.pitest.mutationtest.engine.gregor.mutators.VoidMethodCallMutator,updateArticle,110,KILLED,edu.ucsb.cs156.example.controllers.ArticlesControllerTests.[engine:junit-jupiter]/[class:edu.ucsb.cs156.example.controllers.ArticlesControllerTests]/[method:admin_can_edit_an_existing_ucsbdate()]
ArticlesController.java,edu.ucsb.cs156.example.controllers.ArticlesController,org.pitest.mutationtest.engine.gregor.mutators.VoidMethodCallMutator,updateArticle,111,KILLED,edu.ucsb.cs156.example.controllers.ArticlesControllerTests.[engine:junit-jupiter]/[class:edu.ucsb.cs156.example.controllers.ArticlesControllerTests]/[method:admin_can_edit_an_existing_ucsbdate()]
ArticlesController.java,edu.ucsb.cs156.example.controllers.ArticlesController,org.pitest.mutationtest.engine.gregor.mutators.VoidMethodCallMutator,updateArticle,112,KILLED,edu.ucsb.cs156.example.controllers.ArticlesControllerTests.[engine:junit-jupiter]/[class:edu.ucsb.cs156.example.controllers.ArticlesControllerTests]/[method:admin_can_edit_an_existing_ucsbdate()]
ArticlesController.java,edu.ucsb.cs156.example.controllers.ArticlesController,org.pitest.mutationtest.engine.gregor.mutators.returns.NullReturnValsMutator,updateArticle,116,KILLED,edu.ucsb.cs156.example.controllers.ArticlesControllerTests.[engine:junit-jupiter]/[class:edu.ucsb.cs156.example.controllers.ArticlesControllerTests]/[method:admin_can_edit_an_existing_ucsbdate()]
CSRFController.java,edu.ucsb.cs156.example.controllers.CSRFController,org.pitest.mutationtest.engine.gregor.mutators.returns.NullReturnValsMutator,csrf,33,KILLED,edu.ucsb.cs156.example.controllers.CSRFControllerTests.[engine:junit-jupiter]/[class:edu.ucsb.cs156.example.controllers.CSRFControllerTests]/[method:csrf_returns_ok()]
HelpRequestController.java,edu.ucsb.cs156.example.controllers.HelpRequestController,org.pitest.mutationtest.engine.gregor.mutators.returns.NullReturnValsMutator,allHelpRequests,44,KILLED,edu.ucsb.cs156.example.controllers.HelpRequestControllerTests.[engine:junit-jupiter]/[class:edu.ucsb.cs156.example.controllers.HelpRequestControllerTests]/[method:logged_in_user_can_get_all_helprequests()]
HelpRequestController.java,edu.ucsb.cs156.example.controllers.HelpRequestController,org.pitest.mutationtest.engine.gregor.mutators.VoidMethodCallMutator,deleteHelpRequest,97,KILLED,edu.ucsb.cs156.example.controllers.HelpRequestControllerTests.[engine:junit-jupiter]/[class:edu.ucsb.cs156.example.controllers.HelpRequestControllerTests]/[method:admin_can_delete_a_request()]
HelpRequestController.java,edu.ucsb.cs156.example.controllers.HelpRequestController,org.pitest.mutationtest.engine.gregor.mutators.returns.NullReturnValsMutator,deleteHelpRequest,98,KILLED,edu.ucsb.cs156.example.controllers.HelpRequestControllerTests.[engine:junit-jupiter]/[class:edu.ucsb.cs156.example.controllers.HelpRequestControllerTests]/[method:admin_can_delete_a_request()]
HelpRequestController.java,edu.ucsb.cs156.example.controllers.HelpRequestController,org.pitest.mutationtest.engine.gregor.mutators.returns.NullReturnValsMutator,getById,86,KILLED,edu.ucsb.cs156.example.controllers.HelpRequestControllerTests.[engine:junit-jupiter]/[class:edu.ucsb.cs156.example.controllers.HelpRequestControllerTests]/[method:test_that_logged_in_user_can_get_by_id_when_the_id_exists()]
HelpRequestController.java,edu.ucsb.cs156.example.controllers.HelpRequestController,org.pitest.mutationtest.engine.gregor.mutators.returns.NullReturnValsMutator,lambda$deleteHelpRequest$1,95,KILLED,edu.ucsb.cs156.example.controllers.HelpRequestControllerTests.[engine:junit-jupiter]/[class:edu.ucsb.cs156.example.controllers.HelpRequestControllerTests]/[method:admin_tries_to_delete_non_existant_helprequest_and_gets_right_error_message()]
HelpRequestController.java,edu.ucsb.cs156.example.controllers.HelpRequestController,org.pitest.mutationtest.engine.gregor.mutators.returns.NullReturnValsMutator,lambda$getById$0,84,KILLED,edu.ucsb.cs156.example.controllers.HelpRequestControllerTests.[engine:junit-jupiter]/[class:edu.ucsb.cs156.example.controllers.HelpRequestControllerTests]/[method:test_that_logged_in_user_can_get_by_id_when_the_id_does_not_exist()]
HelpRequestController.java,edu.ucsb.cs156.example.controllers.HelpRequestController,org.pitest.mutationtest.engine.gregor.mutators.returns.NullReturnValsMutator,lambda$updateHelpRequest$2,109,KILLED,edu.ucsb.cs156.example.controllers.HelpRequestControllerTests.[engine:junit-jupiter]/[class:edu.ucsb.cs156.example.controllers.HelpRequestControllerTests]/[method:admin_cannot_edit_helprequest_that_does_not_exist()]
HelpRequestController.java,edu.ucsb.cs156.example.controllers.HelpRequestController,org.pitest.mutationtest.engine.gregor.mutators.VoidMethodCallMutator,postHelpRequest,66,KILLED,edu.ucsb.cs156.example.controllers.HelpRequestControllerTests.[engine:junit-jupiter]/[class:edu.ucsb.cs156.example.controllers.HelpRequestControllerTests]/[method:an_admin_user_can_post_a_new_helprequest()]
HelpRequestController.java,edu.ucsb.cs156.example.controllers.HelpRequestController,org.pitest.mutationtest.engine.gregor.mutators.VoidMethodCallMutator,postHelpRequest,67,KILLED,edu.ucsb.cs156.example.controllers.HelpRequestControllerTests.[engine:junit-jupiter]/[class:edu.ucsb.cs156.example.controllers.HelpRequestControllerTests]/[method:an_admin_user_can_post_a_new_helprequest()]
HelpRequestController.java,edu.ucsb.cs156.example.controllers.HelpRequestController,org.pitest.mutationtest.engine.gregor.mutators.VoidMethodCallMutator,postHelpRequest,68,KILLED,edu.ucsb.cs156.example.controllers.HelpRequestControllerTests.[engine:junit-jupiter]/[class:edu.ucsb.cs156.example.controllers.HelpRequestControllerTests]/[method:an_admin_user_can_post_a_new_helprequest()]
HelpRequestController.java,edu.ucsb.cs156.example.controllers.HelpRequestController,org.pitest.mutationtest.engine.gregor.mutators.VoidMethodCallMutator,postHelpRequest,69,KILLED,edu.ucsb.cs156.example.controllers.HelpRequestControllerTests.[engine:junit-jupiter]/[class:edu.ucsb.cs156.example.controllers.HelpRequestControllerTests]/[method:an_admin_user_can_post_a_new_helprequest()]
HelpRequestController.java,edu.ucsb.cs156.example.controllers.HelpRequestController,org.pitest.mutationtest.engine.gregor.mutators.VoidMethodCallMutator,postHelpRequest,70,KILLED,edu.ucsb.cs156.example.controllers.HelpRequestControllerTests.[engine:junit-jupiter]/[class:edu.ucsb.cs156.example.controllers.HelpRequestControllerTests]/[method:an_admin_user_can_post_a_new_helprequest()]
HelpRequestController.java,edu.ucsb.cs156.example.controllers.HelpRequestController,org.pitest.mutationtest.engine.gregor.mutators.VoidMethodCallMutator,postHelpRequest,71,KILLED,edu.ucsb.cs156.example.controllers.HelpRequestControllerTests.[engine:junit-jupiter]/[class:edu.ucsb.cs156.example.controllers.HelpRequestControllerTests]/[method:an_admin_user_can_post_a_new_helprequest()]
HelpRequestController.java,edu.ucsb.cs156.example.controllers.HelpRequestController,org.pitest.mutationtest.engine.gregor.mutators.returns.NullReturnValsMutator,postHelpRequest,75,KILLED,edu.ucsb.cs156.example.controllers.HelpRequestControllerTests.[engine:junit-jupiter]/[class:edu.ucsb.cs156.example.controllers.HelpRequestControllerTests]/[method:an_admin_user_can_post_a_new_helprequest()]
HelpRequestController.java,edu.ucsb.cs156.example.controllers.HelpRequestController,org.pitest.mutationtest.engine.gregor.mutators.VoidMethodCallMutator,updateHelpRequest,112,KILLED,edu.ucsb.cs156.example.controllers.HelpRequestControllerTests.[engine:junit-jupiter]/[class:edu.ucsb.cs156.example.controllers.HelpRequestControllerTests]/[method:admin_can_edit_an_existing_helprequest()]
HelpRequestController.java,edu.ucsb.cs156.example.controllers.HelpRequestController,org.pitest.mutationtest.engine.gregor.mutators.VoidMethodCallMutator,updateHelpRequest,113,KILLED,edu.ucsb.cs156.example.controllers.HelpRequestControllerTests.[engine:junit-jupiter]/[class:edu.ucsb.cs156.example.controllers.HelpRequestControllerTests]/[method:admin_can_edit_an_existing_helprequest()]
HelpRequestController.java,edu.ucsb.cs156.example.controllers.HelpRequestController,org.pitest.mutationtest.engine.gregor.mutators.VoidMethodCallMutator,updateHelpRequest,114,KILLED,edu.ucsb.cs156.example.controllers.HelpRequestControllerTests.[engine:junit-jupiter]/[class:edu.ucsb.cs156.example.controllers.HelpRequestControllerTests]/[method:admin_can_edit_an_existing_helprequest()]
HelpRequestController.java,edu.ucsb.cs156.example.controllers.HelpRequestController,org.pitest.mutationtest.engine.gregor.mutators.VoidMethodCallMutator,updateHelpRequest,115,KILLED,edu.ucsb.cs156.example.controllers.HelpRequestControllerTests.[engine:junit-jupiter]/[class:edu.ucsb.cs156.example.controllers.HelpRequestControllerTests]/[method:admin_can_edit_an_existing_helprequest()]
HelpRequestController.java,edu.ucsb.cs156.example.controllers.HelpRequestController,org.pitest.mutationtest.engine.gregor.mutators.VoidMethodCallMutator,updateHelpRequest,116,KILLED,edu.ucsb.cs156.example.controllers.HelpRequestControllerTests.[engine:junit-jupiter]/[class:edu.ucsb.cs156.example.controllers.HelpRequestControllerTests]/[method:admin_can_edit_an_existing_helprequest()]
HelpRequestController.java,edu.ucsb.cs156.example.controllers.HelpRequestController,org.pitest.mutationtest.engine.gregor.mutators.VoidMethodCallMutator,updateHelpRequest,117,KILLED,edu.ucsb.cs156.example.controllers.HelpRequestControllerTests.[engine:junit-jupiter]/[class:edu.ucsb.cs156.example.controllers.HelpRequestControllerTests]/[method:admin_can_edit_an_existing_helprequest()]
HelpRequestController.java,edu.ucsb.cs156.example.controllers.HelpRequestController,org.pitest.mutationtest.engine.gregor.mutators.returns.NullReturnValsMutator,updateHelpRequest,121,KILLED,edu.ucsb.cs156.example.controllers.HelpRequestControllerTests.[engine:junit-jupiter]/[class:edu.ucsb.cs156.example.controllers.HelpRequestControllerTests]/[method:admin_can_edit_an_existing_helprequest()]
MenuItemReviewController.java,edu.ucsb.cs156.example.controllers.MenuItemReviewController,org.pitest.mutationtest.engine.gregor.mutators.returns.NullReturnValsMutator,allMenuItemReviews,44,KILLED,edu.ucsb.cs156.example.controllers.MenuItemReviewControllerTests.[engine:junit-jupiter]/[class:edu.ucsb.cs156.example.controllers.MenuItemReviewControllerTests]/[method:logged_in_user_can_get_all_menuitemreview()]
MenuItemReviewController.java,edu.ucsb.cs156.example.controllers.MenuItemReviewController,org.pitest.mutationtest.engine.gregor.mutators.VoidMethodCallMutator,deleteMenuItemReview,115,KILLED,edu.ucsb.cs156.example.controllers.MenuItemReviewControllerTests.[engine:junit-jupiter]/[class:edu.ucsb.cs156.example.controllers.MenuItemReviewControllerTests]/[method:admin_can_delete_a_menuitemreview()]
MenuItemReviewController.java,edu.ucsb.cs156.example.controllers.MenuItemReviewController,org.pitest.mutationtest.engine.gregor.mutators.returns.NullReturnValsMutator,deleteMenuItemReview,116,KILLED,edu.ucsb.cs156.example.controllers.MenuItemReviewControllerTests.[engine:junit-jupiter]/[class:edu.ucsb.cs156.example.controllers.MenuItemReviewControllerTests]/[method:admin_can_delete_a_menuitemreview()]
MenuItemReviewController.java,edu.ucsb.cs156.example.controllers.MenuItemReviewController,org.pitest.mutationtest.engine.gregor.mutators.returns.NullReturnValsMutator,getById,83,KILLED,edu.ucsb.cs156.example.controllers.MenuItemReviewControllerTests.[engine:junit-jupiter]/[class:edu.ucsb.cs156.example.controllers.MenuItemReviewControllerTests]/[method:test_that_logged_in_user_can_get_by_id_when_the_id_exists()]
MenuItemReviewController.java,edu.ucsb.cs156.example.controllers.MenuItemReviewController,org.pitest.mutationtest.engine.gregor.mutators.returns.NullReturnValsMutator,lambda$deleteMenuItemReview$2,113,KILLED,edu.ucsb.cs156.example.controllers.MenuItemReviewControllerTests.[engine:junit-jupiter]/[class:edu.ucsb.cs156.example.controllers.MenuItemReviewControllerTests]/[method:admin_tries_to_delete_non_existant_menuitemreview_and_gets_right_error_message()]
MenuItemReviewController.java,edu.ucsb.cs156.example.controllers.MenuItemReviewController,org.pitest.mutationtest.engine.gregor.mutators.returns.NullReturnValsMutator,lambda$getById$0,81,KILLED,edu.ucsb.cs156.example.controllers.MenuItemReviewControllerTests.[engine:junit-jupiter]/[class:edu.ucsb.cs156.example.controllers.MenuItemReviewControllerTests]/[method:test_that_logged_in_user_can_get_by_id_when_the_id_does_not_exist()]
MenuItemReviewController.java,edu.ucsb.cs156.example.controllers.MenuItemReviewController,org.pitest.mutationtest.engine.gregor.mutators.returns.NullReturnValsMutator,lambda$updateMenuItemReview$1,94,KILLED,edu.ucsb.cs156.example.controllers.MenuItemReviewControllerTests.[engine:junit-jupiter]/[class:edu.ucsb.cs156.example.controllers.MenuItemReviewControllerTests]/[method:admin_cannot_edit_menuitemreview_that_does_not_exist()]
MenuItemReviewController.java,edu.ucsb.cs156.example.controllers.MenuItemReviewController,org.pitest.mutationtest.engine.gregor.mutators.VoidMethodCallMutator,postMenuItemReview,64,KILLED,edu.ucsb.cs156.example.controllers.MenuItemReviewControllerTests.[engine:junit-jupiter]/[class:edu.ucsb.cs156.example.controllers.MenuItemReviewControllerTests]/[method:an_admin_user_can_post_a_new_menuitemreview()]
MenuItemReviewController.java,edu.ucsb.cs156.example.controllers.MenuItemReviewController,org.pitest.mutationtest.engine.gregor.mutators.VoidMethodCallMutator,postMenuItemReview,65,KILLED,edu.ucsb.cs156.example.controllers.MenuItemReviewControllerTests.[engine:junit-jupiter]/[class:edu.ucsb.cs156.example.controllers.MenuItemReviewControllerTests]/[method:an_admin_user_can_post_a_new_menuitemreview()]
MenuItemReviewController.java,edu.ucsb.cs156.example.controllers.MenuItemReviewController,org.pitest.mutationtest.engine.gregor.mutators.VoidMethodCallMutator,postMenuItemReview,66,KILLED,edu.ucsb.cs156.example.controllers.MenuItemReviewControllerTests.[engine:junit-jupiter]/[class:edu.ucsb.cs156.example.controllers.MenuItemReviewControllerTests]/[method:an_admin_user_can_post_a_new_menuitemreview()]
MenuItemReviewController.java,edu.ucsb.cs156.example.controllers.MenuItemReviewController,org.pitest.mutationtest.engine.gregor.mutators.VoidMethodCallMutator,postMenuItemReview,67,KILLED,edu.ucsb.cs156.example.controllers.MenuItemReviewControllerTests.[engine:junit-jupiter]/[class:edu.ucsb.cs156.example.controllers.MenuItemReviewControllerTests]/[method:an_admin_user_can_post_a_new_menuitemreview()]
MenuItemReviewController.java,edu.ucsb.cs156.example.controllers.MenuItemReviewController,org.pitest.mutationtest.engine.gregor.mutators.VoidMethodCallMutator,postMenuItemReview,68,KILLED,edu.ucsb.cs156.example.controllers.MenuItemReviewControllerTests.[engine:junit-jupiter]/[class:edu.ucsb.cs156.example.controllers.MenuItemReviewControllerTests]/[method:an_admin_user_can_post_a_new_menuitemreview()]
MenuItemReviewController.java,edu.ucsb.cs156.example.controllers.MenuItemReviewController,org.pitest.mutationtest.engine.gregor.mutators.returns.NullReturnValsMutator,postMenuItemReview,72,KILLED,edu.ucsb.cs156.example.controllers.MenuItemReviewControllerTests.[engine:junit-jupiter]/[class:edu.ucsb.cs156.example.controllers.MenuItemReviewControllerTests]/[method:an_admin_user_can_post_a_new_menuitemreview()]
MenuItemReviewController.java,edu.ucsb.cs156.example.controllers.MenuItemReviewController,org.pitest.mutationtest.engine.gregor.mutators.VoidMethodCallMutator,updateMenuItemReview,96,KILLED,edu.ucsb.cs156.example.controllers.MenuItemReviewControllerTests.[engine:junit-jupiter]/[class:edu.ucsb.cs156.example.controllers.MenuItemReviewControllerTests]/[method:admin_can_edit_an_existing_menuitemreview()]
MenuItemReviewController.java,edu.ucsb.cs156.example.controllers.MenuItemReviewController,org.pitest.mutationtest.engine.gregor.mutators.VoidMethodCallMutator,updateMenuItemReview,97,KILLED,edu.ucsb.cs156.example.controllers.MenuItemReviewControllerTests.[engine:junit-jupiter]/[class:edu.ucsb.cs156.example.controllers.MenuItemReviewControllerTests]/[method:admin_can_edit_an_existing_menuitemreview()]
MenuItemReviewController.java,edu.ucsb.cs156.example.controllers.MenuItemReviewController,org.pitest.mutationtest.engine.gregor.mutators.VoidMethodCallMutator,updateMenuItemReview,98,KILLED,edu.ucsb.cs156.example.controllers.MenuItemReviewControllerTests.[engine:junit-jupiter]/[class:edu.ucsb.cs156.example.controllers.MenuItemReviewControllerTests]/[method:admin_can_edit_an_existing_menuitemreview()]
MenuItemReviewController.java,edu.ucsb.cs156.example.controllers.MenuItemReviewController,org.pitest.mutationtest.engine.gregor.mutators.VoidMethodCallMutator,updateMenuItemReview,99,KILLED,edu.ucsb.cs156.example.controllers.MenuItemReviewControllerTests.[engine:junit-jupiter]/[class:edu.ucsb.cs156.example.controllers.MenuItemReviewControllerTests]/[method:admin_can_edit_an_existing_menuitemreview()]
MenuItemReviewController.java,edu.ucsb.cs156.example.controllers.MenuItemReviewController,org.pitest.mutationtest.engine.gregor.mutators.VoidMethodCallMutator,updateMenuItemReview,100,KILLED,edu.ucsb.cs156.example.controllers.MenuItemReviewControllerTests.[engine:junit-jupiter]/[class:edu.ucsb.cs156.example.controllers.MenuItemReviewControllerTests]/[method:admin_can_edit_an_existing_menuitemreview()]
MenuItemReviewController.java,edu.ucsb.cs156.example.controllers.MenuItemReviewController,org.pitest.mutationtest.engine.gregor.mutators.returns.NullReturnValsMutator,updateMenuItemReview,104,KILLED,edu.ucsb.cs156.example.controllers.MenuItemReviewControllerTests.[engine:junit-jupiter]/[class:edu.ucsb.cs156.example.controllers.MenuItemReviewControllerTests]/[method:admin_can_edit_an_existing_menuitemreview()]
RecommendationRequestController.java,edu.ucsb.cs156.example.controllers.RecommendationRequestController,org.pitest.mutationtest.engine.gregor.mutators.returns.NullReturnValsMutator,allRecommendationRequests,42,KILLED,edu.ucsb.cs156.example.controllers.RecommendationRequestControllerTests.[engine:junit-jupiter]/[class:edu.ucsb.cs156.example.controllers.RecommendationRequestControllerTests]/[method:logged_in_user_can_get_all_ucsbdates()]
RecommendationRequestController.java,edu.ucsb.cs156.example.controllers.RecommendationRequestController,org.pitest.mutationtest.engine.gregor.mutators.VoidMethodCallMutator,deleteRecommendationRequest,116,KILLED,edu.ucsb.cs156.example.controllers.RecommendationRequestControllerTests.[engine:junit-jupiter]/[class:edu.ucsb.cs156.example.controllers.RecommendationRequestControllerTests]/[method:admin_can_delete_a_date()]
RecommendationRequestController.java,edu.ucsb.cs156.example.controllers.RecommendationRequestController,org.pitest.mutationtest.engine.gregor.mutators.returns.NullReturnValsMutator,deleteRecommendationRequest,117,KILLED,edu.ucsb.cs156.example.controllers.RecommendationRequestControllerTests.[engine:junit-jupiter]/[class:edu.ucsb.cs156.example.controllers.RecommendationRequestControllerTests]/[method:admin_can_delete_a_date()]
RecommendationRequestController.java,edu.ucsb.cs156.example.controllers.RecommendationRequestController,org.pitest.mutationtest.engine.gregor.mutators.returns.NullReturnValsMutator,getById,83,KILLED,edu.ucsb.cs156.example.controllers.RecommendationRequestControllerTests.[engine:junit-jupiter]/[class:edu.ucsb.cs156.example.controllers.RecommendationRequestControllerTests]/[method:test_that_logged_in_user_can_get_by_id_when_the_id_exists()]
RecommendationRequestController.java,edu.ucsb.cs156.example.controllers.RecommendationRequestController,org.pitest.mutationtest.engine.gregor.mutators.returns.NullReturnValsMutator,lambda$deleteRecommendationRequest$2,114,KILLED,edu.ucsb.cs156.example.controllers.RecommendationRequestControllerTests.[engine:junit-jupiter]/[class:edu.ucsb.cs156.example.controllers.RecommendationRequestControllerTests]/[method:admin_tries_to_delete_non_existant_recommendationrequest_and_gets_right_error_message()]
RecommendationRequestController.java,edu.ucsb.cs156.example.controllers.RecommendationRequestController,org.pitest.mutationtest.engine.gregor.mutators.returns.NullReturnValsMutator,lambda$getById$0,81,KILLED,edu.ucsb.cs156.example.controllers.RecommendationRequestControllerTests.[engine:junit-jupiter]/[class:edu.ucsb.cs156.example.controllers.RecommendationRequestControllerTests]/[method:test_that_logged_in_user_can_get_by_id_when_the_id_does_not_exist()]
RecommendationRequestController.java,edu.ucsb.cs156.example.controllers.RecommendationRequestController,org.pitest.mutationtest.engine.gregor.mutators.returns.NullReturnValsMutator,lambda$updateRecommendationRequest$1,94,KILLED,edu.ucsb.cs156.example.controllers.RecommendationRequestControllerTests.[engine:junit-jupiter]/[class:edu.ucsb.cs156.example.controllers.RecommendationRequestControllerTests]/[method:admin_cannot_edit_recommendationrequest_that_does_not_exist()]
RecommendationRequestController.java,edu.ucsb.cs156.example.controllers.RecommendationRequestController,org.pitest.mutationtest.engine.gregor.mutators.VoidMethodCallMutator,postRecommendationRequest,63,KILLED,edu.ucsb.cs156.example.controllers.RecommendationRequestControllerTests.[engine:junit-jupiter]/[class:edu.ucsb.cs156.example.controllers.RecommendationRequestControllerTests]/[method:an_admin_user_can_post_a_new_recommendationrequest()]
RecommendationRequestController.java,edu.ucsb.cs156.example.controllers.RecommendationRequestController,org.pitest.mutationtest.engine.gregor.mutators.VoidMethodCallMutator,postRecommendationRequest,64,KILLED,edu.ucsb.cs156.example.controllers.RecommendationRequestControllerTests.[engine:junit-jupiter]/[class:edu.ucsb.cs156.example.controllers.RecommendationRequestControllerTests]/[method:an_admin_user_can_post_a_new_recommendationrequest()]
RecommendationRequestController.java,edu.ucsb.cs156.example.controllers.RecommendationRequestController,org.pitest.mutationtest.engine.gregor.mutators.VoidMethodCallMutator,postRecommendationRequest,65,KILLED,edu.ucsb.cs156.example.controllers.RecommendationRequestControllerTests.[engine:junit-jupiter]/[class:edu.ucsb.cs156.example.controllers.RecommendationRequestControllerTests]/[method:an_admin_user_can_post_a_new_recommendationrequest()]
RecommendationRequestController.java,edu.ucsb.cs156.example.controllers.RecommendationRequestController,org.pitest.mutationtest.engine.gregor.mutators.VoidMethodCallMutator,postRecommendationRequest,66,KILLED,edu.ucsb.cs156.example.controllers.RecommendationRequestControllerTests.[engine:junit-jupiter]/[class:edu.ucsb.cs156.example.controllers.RecommendationRequestControllerTests]/[method:an_admin_user_can_post_a_new_recommendationrequest()]
RecommendationRequestController.java,edu.ucsb.cs156.example.controllers.RecommendationRequestController,org.pitest.mutationtest.engine.gregor.mutators.VoidMethodCallMutator,postRecommendationRequest,67,KILLED,edu.ucsb.cs156.example.controllers.RecommendationRequestControllerTests.[engine:junit-jupiter]/[class:edu.ucsb.cs156.example.controllers.RecommendationRequestControllerTests]/[method:an_admin_user_can_post_a_new_recommendationrequest()]
RecommendationRequestController.java,edu.ucsb.cs156.example.controllers.RecommendationRequestController,org.pitest.mutationtest.engine.gregor.mutators.VoidMethodCallMutator,postRecommendationRequest,68,KILLED,edu.ucsb.cs156.example.controllers.RecommendationRequestControllerTests.[engine:junit-jupiter]/[class:edu.ucsb.cs156.example.controllers.RecommendationRequestControllerTests]/[method:an_admin_user_can_post_a_new_recommendationrequest()]
RecommendationRequestController.java,edu.ucsb.cs156.example.controllers.RecommendationRequestController,org.pitest.mutationtest.engine.gregor.mutators.returns.NullReturnValsMutator,postRecommendationRequest,72,KILLED,edu.ucsb.cs156.example.controllers.RecommendationRequestControllerTests.[engine:junit-jupiter]/[class:edu.ucsb.cs156.example.controllers.RecommendationRequestControllerTests]/[method:an_admin_user_can_post_a_new_recommendationrequest()]
RecommendationRequestController.java,edu.ucsb.cs156.example.controllers.RecommendationRequestController,org.pitest.mutationtest.engine.gregor.mutators.VoidMethodCallMutator,updateRecommendationRequest,96,KILLED,edu.ucsb.cs156.example.controllers.RecommendationRequestControllerTests.[engine:junit-jupiter]/[class:edu.ucsb.cs156.example.controllers.RecommendationRequestControllerTests]/[method:admin_can_edit_an_existing_recommendationrequest()]
RecommendationRequestController.java,edu.ucsb.cs156.example.controllers.RecommendationRequestController,org.pitest.mutationtest.engine.gregor.mutators.VoidMethodCallMutator,updateRecommendationRequest,97,KILLED,edu.ucsb.cs156.example.controllers.RecommendationRequestControllerTests.[engine:junit-jupiter]/[class:edu.ucsb.cs156.example.controllers.RecommendationRequestControllerTests]/[method:admin_can_edit_an_existing_recommendationrequest()]
RecommendationRequestController.java,edu.ucsb.cs156.example.controllers.RecommendationRequestController,org.pitest.mutationtest.engine.gregor.mutators.VoidMethodCallMutator,updateRecommendationRequest,98,KILLED,edu.ucsb.cs156.example.controllers.RecommendationRequestControllerTests.[engine:junit-jupiter]/[class:edu.ucsb.cs156.example.controllers.RecommendationRequestControllerTests]/[method:admin_can_edit_an_existing_recommendationrequest()]
RecommendationRequestController.java,edu.ucsb.cs156.example.controllers.RecommendationRequestController,org.pitest.mutationtest.engine.gregor.mutators.VoidMethodCallMutator,updateRecommendationRequest,99,KILLED,edu.ucsb.cs156.example.controllers.RecommendationRequestControllerTests.[engine:junit-jupiter]/[class:edu.ucsb.cs156.example.controllers.RecommendationRequestControllerTests]/[method:admin_can_edit_an_existing_recommendationrequest()]
RecommendationRequestController.java,edu.ucsb.cs156.example.controllers.RecommendationRequestController,org.pitest.mutationtest.engine.gregor.mutators.VoidMethodCallMutator,updateRecommendationRequest,100,KILLED,edu.ucsb.cs156.example.controllers.RecommendationRequestControllerTests.[engine:junit-jupiter]/[class:edu.ucsb.cs156.example.controllers.RecommendationRequestControllerTests]/[method:admin_can_edit_an_existing_recommendationrequest()]
RecommendationRequestController.java,edu.ucsb.cs156.example.controllers.RecommendationRequestController,org.pitest.mutationtest.engine.gregor.mutators.VoidMethodCallMutator,updateRecommendationRequest,101,KILLED,edu.ucsb.cs156.example.controllers.RecommendationRequestControllerTests.[engine:junit-jupiter]/[class:edu.ucsb.cs156.example.controllers.RecommendationRequestControllerTests]/[method:admin_can_edit_an_existing_recommendationrequest()]
RecommendationRequestController.java,edu.ucsb.cs156.example.controllers.RecommendationRequestController,org.pitest.mutationtest.engine.gregor.mutators.returns.NullReturnValsMutator,updateRecommendationRequest,105,KILLED,edu.ucsb.cs156.example.controllers.RecommendationRequestControllerTests.[engine:junit-jupiter]/[class:edu.ucsb.cs156.example.controllers.RecommendationRequestControllerTests]/[method:admin_can_edit_an_existing_recommendationrequest()]
RestaurantsController.java,edu.ucsb.cs156.example.controllers.RestaurantsController,org.pitest.mutationtest.engine.gregor.mutators.returns.NullReturnValsMutator,allRestaurants,45,KILLED,edu.ucsb.cs156.example.controllers.RestaurantsControllerTests.[engine:junit-jupiter]/[class:edu.ucsb.cs156.example.controllers.RestaurantsControllerTests]/[method:logged_in_user_can_get_all_restaurants()]
RestaurantsController.java,edu.ucsb.cs156.example.controllers.RestaurantsController,org.pitest.mutationtest.engine.gregor.mutators.VoidMethodCallMutator,deleteRestaurant,98,KILLED,edu.ucsb.cs156.example.controllers.RestaurantsControllerTests.[engine:junit-jupiter]/[class:edu.ucsb.cs156.example.controllers.RestaurantsControllerTests]/[method:admin_can_delete_a_restaurant()]
RestaurantsController.java,edu.ucsb.cs156.example.controllers.RestaurantsController,org.pitest.mutationtest.engine.gregor.mutators.returns.NullReturnValsMutator,deleteRestaurant,99,KILLED,edu.ucsb.cs156.example.controllers.RestaurantsControllerTests.[engine:junit-jupiter]/[class:edu.ucsb.cs156.example.controllers.RestaurantsControllerTests]/[method:admin_can_delete_a_restaurant()]
RestaurantsController.java,edu.ucsb.cs156.example.controllers.RestaurantsController,org.pitest.mutationtest.engine.gregor.mutators.returns.NullReturnValsMutator,getById,61,KILLED,edu.ucsb.cs156.example.controllers.RestaurantsControllerTests.[engine:junit-jupiter]/[class:edu.ucsb.cs156.example.controllers.RestaurantsControllerTests]/[method:test_that_logged_in_user_can_get_by_id_when_the_id_exists()]
RestaurantsController.java,edu.ucsb.cs156.example.controllers.RestaurantsController,org.pitest.mutationtest.engine.gregor.mutators.returns.NullReturnValsMutator,lambda$deleteRestaurant$1,96,KILLED,edu.ucsb.cs156.example.controllers.RestaurantsControllerTests.[engine:junit-jupiter]/[class:edu.ucsb.cs156.example.controllers.RestaurantsControllerTests]/[method:admin_tries_to_delete_non_existant_restaurant_and_gets_right_error_message()]
RestaurantsController.java,edu.ucsb.cs156.example.controllers.RestaurantsController,org.pitest.mutationtest.engine.gregor.mutators.returns.NullReturnValsMutator,lambda$getById$0,59,KILLED,edu.ucsb.cs156.example.controllers.RestaurantsControllerTests.[engine:junit-jupiter]/[class:edu.ucsb.cs156.example.controllers.RestaurantsControllerTests]/[method:test_that_logged_in_user_can_get_by_id_when_the_id_does_not_exist()]
RestaurantsController.java,edu.ucsb.cs156.example.controllers.RestaurantsController,org.pitest.mutationtest.engine.gregor.mutators.returns.NullReturnValsMutator,lambda$updateRestaurant$2,116,KILLED,edu.ucsb.cs156.example.controllers.RestaurantsControllerTests.[engine:junit-jupiter]/[class:edu.ucsb.cs156.example.controllers.RestaurantsControllerTests]/[method:admin_cannot_edit_restaurant_that_does_not_exist()]
RestaurantsController.java,edu.ucsb.cs156.example.controllers.RestaurantsController,org.pitest.mutationtest.engine.gregor.mutators.VoidMethodCallMutator,postRestaurant,78,KILLED,edu.ucsb.cs156.example.controllers.RestaurantsControllerTests.[engine:junit-jupiter]/[class:edu.ucsb.cs156.example.controllers.RestaurantsControllerTests]/[method:an_admin_user_can_post_a_new_restaurant()]
RestaurantsController.java,edu.ucsb.cs156.example.controllers.RestaurantsController,org.pitest.mutationtest.engine.gregor.mutators.VoidMethodCallMutator,postRestaurant,79,KILLED,edu.ucsb.cs156.example.controllers.RestaurantsControllerTests.[engine:junit-jupiter]/[class:edu.ucsb.cs156.example.controllers.RestaurantsControllerTests]/[method:an_admin_user_can_post_a_new_restaurant()]
RestaurantsController.java,edu.ucsb.cs156.example.controllers.RestaurantsController,org.pitest.mutationtest.engine.gregor.mutators.returns.NullReturnValsMutator,postRestaurant,82,KILLED,edu.ucsb.cs156.example.controllers.RestaurantsControllerTests.[engine:junit-jupiter]/[class:edu.ucsb.cs156.example.controllers.RestaurantsControllerTests]/[method:an_admin_user_can_post_a_new_restaurant()]
RestaurantsController.java,edu.ucsb.cs156.example.controllers.RestaurantsController,org.pitest.mutationtest.engine.gregor.mutators.VoidMethodCallMutator,updateRestaurant,118,KILLED,edu.ucsb.cs156.example.controllers.RestaurantsControllerTests.[engine:junit-jupiter]/[class:edu.ucsb.cs156.example.controllers.RestaurantsControllerTests]/[method:admin_can_edit_an_existing_restaurant()]
RestaurantsController.java,edu.ucsb.cs156.example.controllers.RestaurantsController,org.pitest.mutationtest.engine.gregor.mutators.VoidMethodCallMutator,updateRestaurant,119,KILLED,edu.ucsb.cs156.example.controllers.RestaurantsControllerTests.[engine:junit-jupiter]/[class:edu.ucsb.cs156.example.controllers.RestaurantsControllerTests]/[method:admin_can_edit_an_existing_restaurant()]
RestaurantsController.java,edu.ucsb.cs156.example.controllers.RestaurantsController,org.pitest.mutationtest.engine.gregor.mutators.returns.NullReturnValsMutator,updateRestaurant,123,KILLED,edu.ucsb.cs156.example.controllers.RestaurantsControllerTests.[engine:junit-jupiter]/[class:edu.ucsb.cs156.example.controllers.RestaurantsControllerTests]/[method:admin_can_edit_an_existing_restaurant()]
SystemInfoController.java,edu.ucsb.cs156.example.controllers.SystemInfoController,org.pitest.mutationtest.engine.gregor.mutators.returns.NullReturnValsMutator,getSystemInfo,43,KILLED,edu.ucsb.cs156.example.controllers.SystemInfoControllerTests.[engine:junit-jupiter]/[class:edu.ucsb.cs156.example.controllers.SystemInfoControllerTests]/[method:systemInfo__admin_logged_in()]
UCSBDatesController.java,edu.ucsb.cs156.example.controllers.UCSBDatesController,org.pitest.mutationtest.engine.gregor.mutators.returns.NullReturnValsMutator,allUCSBDates,53,KILLED,edu.ucsb.cs156.example.controllers.UCSBDatesControllerTests.[engine:junit-jupiter]/[class:edu.ucsb.cs156.example.controllers.UCSBDatesControllerTests]/[method:logged_in_user_can_get_all_ucsbdates()]
UCSBDatesController.java,edu.ucsb.cs156.example.controllers.UCSBDatesController,org.pitest.mutationtest.engine.gregor.mutators.VoidMethodCallMutator,deleteUCSBDate,119,KILLED,edu.ucsb.cs156.example.controllers.UCSBDatesControllerTests.[engine:junit-jupiter]/[class:edu.ucsb.cs156.example.controllers.UCSBDatesControllerTests]/[method:admin_can_delete_a_date()]
UCSBDatesController.java,edu.ucsb.cs156.example.controllers.UCSBDatesController,org.pitest.mutationtest.engine.gregor.mutators.returns.NullReturnValsMutator,deleteUCSBDate,120,KILLED,edu.ucsb.cs156.example.controllers.UCSBDatesControllerTests.[engine:junit-jupiter]/[class:edu.ucsb.cs156.example.controllers.UCSBDatesControllerTests]/[method:admin_can_delete_a_date()]
UCSBDatesController.java,edu.ucsb.cs156.example.controllers.UCSBDatesController,org.pitest.mutationtest.engine.gregor.mutators.returns.NullReturnValsMutator,getById,70,KILLED,edu.ucsb.cs156.example.controllers.UCSBDatesControllerTests.[engine:junit-jupiter]/[class:edu.ucsb.cs156.example.controllers.UCSBDatesControllerTests]/[method:test_that_logged_in_user_can_get_by_id_when_the_id_exists()]
UCSBDatesController.java,edu.ucsb.cs156.example.controllers.UCSBDatesController,org.pitest.mutationtest.engine.gregor.mutators.returns.NullReturnValsMutator,lambda$deleteUCSBDate$1,117,KILLED,edu.ucsb.cs156.example.controllers.UCSBDatesControllerTests.[engine:junit-jupiter]/[class:edu.ucsb.cs156.example.controllers.UCSBDatesControllerTests]/[method:admin_tries_to_delete_non_existant_ucsbdate_and_gets_right_error_message()]
UCSBDatesController.java,edu.ucsb.cs156.example.controllers.UCSBDatesController,org.pitest.mutationtest.engine.gregor.mutators.returns.NullReturnValsMutator,lambda$getById$0,68,KILLED,edu.ucsb.cs156.example.controllers.UCSBDatesControllerTests.[engine:junit-jupiter]/[class:edu.ucsb.cs156.example.controllers.UCSBDatesControllerTests]/[method:test_that_logged_in_user_can_get_by_id_when_the_id_does_not_exist()]
UCSBDatesController.java,edu.ucsb.cs156.example.controllers.UCSBDatesController,org.pitest.mutationtest.engine.gregor.mutators.returns.NullReturnValsMutator,lambda$updateUCSBDate$2,138,KILLED,edu.ucsb.cs156.example.controllers.UCSBDatesControllerTests.[engine:junit-jupiter]/[class:edu.ucsb.cs156.example.controllers.UCSBDatesControllerTests]/[method:admin_cannot_edit_ucsbdate_that_does_not_exist()]
UCSBDatesController.java,edu.ucsb.cs156.example.controllers.UCSBDatesController,org.pitest.mutationtest.engine.gregor.mutators.VoidMethodCallMutator,postUCSBDate,96,KILLED,edu.ucsb.cs156.example.controllers.UCSBDatesControllerTests.[engine:junit-jupiter]/[class:edu.ucsb.cs156.example.controllers.UCSBDatesControllerTests]/[method:an_admin_user_can_post_a_new_ucsbdate()]
UCSBDatesController.java,edu.ucsb.cs156.example.controllers.UCSBDatesController,org.pitest.mutationtest.engine.gregor.mutators.VoidMethodCallMutator,postUCSBDate,97,KILLED,edu.ucsb.cs156.example.controllers.UCSBDatesControllerTests.[engine:junit-jupiter]/[class:edu.ucsb.cs156.example.controllers.UCSBDatesControllerTests]/[method:an_admin_user_can_post_a_new_ucsbdate()]
UCSBDatesController.java,edu.ucsb.cs156.example.controllers.UCSBDatesController,org.pitest.mutationtest.engine.gregor.mutators.VoidMethodCallMutator,postUCSBDate,98,KILLED,edu.ucsb.cs156.example.controllers.UCSBDatesControllerTests.[engine:junit-jupiter]/[class:edu.ucsb.cs156.example.controllers.UCSBDatesControllerTests]/[method:an_admin_user_can_post_a_new_ucsbdate()]
UCSBDatesController.java,edu.ucsb.cs156.example.controllers.UCSBDatesController,org.pitest.mutationtest.engine.gregor.mutators.returns.NullReturnValsMutator,postUCSBDate,102,KILLED,edu.ucsb.cs156.example.controllers.UCSBDatesControllerTests.[engine:junit-jupiter]/[class:edu.ucsb.cs156.example.controllers.UCSBDatesControllerTests]/[method:an_admin_user_can_post_a_new_ucsbdate()]
UCSBDatesController.java,edu.ucsb.cs156.example.controllers.UCSBDatesController,org.pitest.mutationtest.engine.gregor.mutators.VoidMethodCallMutator,updateUCSBDate,140,KILLED,edu.ucsb.cs156.example.controllers.UCSBDatesControllerTests.[engine:junit-jupiter]/[class:edu.ucsb.cs156.example.controllers.UCSBDatesControllerTests]/[method:admin_can_edit_an_existing_ucsbdate()]
UCSBDatesController.java,edu.ucsb.cs156.example.controllers.UCSBDatesController,org.pitest.mutationtest.engine.gregor.mutators.VoidMethodCallMutator,updateUCSBDate,141,KILLED,edu.ucsb.cs156.example.controllers.UCSBDatesControllerTests.[engine:junit-jupiter]/[class:edu.ucsb.cs156.example.controllers.UCSBDatesControllerTests]/[method:admin_can_edit_an_existing_ucsbdate()]
UCSBDatesController.java,edu.ucsb.cs156.example.controllers.UCSBDatesController,org.pitest.mutationtest.engine.gregor.mutators.VoidMethodCallMutator,updateUCSBDate,142,KILLED,edu.ucsb.cs156.example.controllers.UCSBDatesControllerTests.[engine:junit-jupiter]/[class:edu.ucsb.cs156.example.controllers.UCSBDatesControllerTests]/[method:admin_can_edit_an_existing_ucsbdate()]
UCSBDatesController.java,edu.ucsb.cs156.example.controllers.UCSBDatesController,org.pitest.mutationtest.engine.gregor.mutators.returns.NullReturnValsMutator,updateUCSBDate,146,KILLED,edu.ucsb.cs156.example.controllers.UCSBDatesControllerTests.[engine:junit-jupiter]/[class:edu.ucsb.cs156.example.controllers.UCSBDatesControllerTests]/[method:admin_can_edit_an_existing_ucsbdate()]
UCSBDiningCommonsController.java,edu.ucsb.cs156.example.controllers.UCSBDiningCommonsController,org.pitest.mutationtest.engine.gregor.mutators.returns.NullReturnValsMutator,allCommonss,47,KILLED,edu.ucsb.cs156.example.controllers.UCSBDiningCommonsControllerTests.[engine:junit-jupiter]/[class:edu.ucsb.cs156.example.controllers.UCSBDiningCommonsControllerTests]/[method:logged_in_user_can_get_all_ucsbdiningcommons()]
UCSBDiningCommonsController.java,edu.ucsb.cs156.example.controllers.UCSBDiningCommonsController,org.pitest.mutationtest.engine.gregor.mutators.VoidMethodCallMutator,deleteCommons,118,KILLED,edu.ucsb.cs156.example.controllers.UCSBDiningCommonsControllerTests.[engine:junit-jupiter]/[class:edu.ucsb.cs156.example.controllers.UCSBDiningCommonsControllerTests]/[method:admin_can_delete_a_date()]
UCSBDiningCommonsController.java,edu.ucsb.cs156.example.controllers.UCSBDiningCommonsController,org.pitest.mutationtest.engine.gregor.mutators.returns.NullReturnValsMutator,deleteCommons,119,KILLED,edu.ucsb.cs156.example.controllers.UCSBDiningCommonsControllerTests.[engine:junit-jupiter]/[class:edu.ucsb.cs156.example.controllers.UCSBDiningCommonsControllerTests]/[method:admin_can_delete_a_date()]
UCSBDiningCommonsController.java,edu.ucsb.cs156.example.controllers.UCSBDiningCommonsController,org.pitest.mutationtest.engine.gregor.mutators.returns.NullReturnValsMutator,getById,63,KILLED,edu.ucsb.cs156.example.controllers.UCSBDiningCommonsControllerTests.[engine:junit-jupiter]/[class:edu.ucsb.cs156.example.controllers.UCSBDiningCommonsControllerTests]/[method:test_that_logged_in_user_can_get_by_id_when_the_id_exists()]
UCSBDiningCommonsController.java,edu.ucsb.cs156.example.controllers.UCSBDiningCommonsController,org.pitest.mutationtest.engine.gregor.mutators.returns.NullReturnValsMutator,lambda$deleteCommons$1,116,KILLED,edu.ucsb.cs156.example.controllers.UCSBDiningCommonsControllerTests.[engine:junit-jupiter]/[class:edu.ucsb.cs156.example.controllers.UCSBDiningCommonsControllerTests]/[method:admin_tries_to_delete_non_existant_commons_and_gets_right_error_message()]
UCSBDiningCommonsController.java,edu.ucsb.cs156.example.controllers.UCSBDiningCommonsController,org.pitest.mutationtest.engine.gregor.mutators.returns.NullReturnValsMutator,lambda$getById$0,61,KILLED,edu.ucsb.cs156.example.controllers.UCSBDiningCommonsControllerTests.[engine:junit-jupiter]/[class:edu.ucsb.cs156.example.controllers.UCSBDiningCommonsControllerTests]/[method:test_that_logged_in_user_can_get_by_id_when_the_id_does_not_exist()]
UCSBDiningCommonsController.java,edu.ucsb.cs156.example.controllers.UCSBDiningCommonsController,org.pitest.mutationtest.engine.gregor.mutators.returns.NullReturnValsMutator,lambda$updateCommons$2,136,KILLED,edu.ucsb.cs156.example.controllers.UCSBDiningCommonsControllerTests.[engine:junit-jupiter]/[class:edu.ucsb.cs156.example.controllers.UCSBDiningCommonsControllerTests]/[method:admin_cannot_edit_commons_that_does_not_exist()]
UCSBDiningCommonsController.java,edu.ucsb.cs156.example.controllers.UCSBDiningCommonsController,org.pitest.mutationtest.engine.gregor.mutators.VoidMethodCallMutator,postCommons,92,KILLED,edu.ucsb.cs156.example.controllers.UCSBDiningCommonsControllerTests.[engine:junit-jupiter]/[class:edu.ucsb.cs156.example.controllers.UCSBDiningCommonsControllerTests]/[method:an_admin_user_can_post_a_new_commons()]
UCSBDiningCommonsController.java,edu.ucsb.cs156.example.controllers.UCSBDiningCommonsController,org.pitest.mutationtest.engine.gregor.mutators.VoidMethodCallMutator,postCommons,93,KILLED,edu.ucsb.cs156.example.controllers.UCSBDiningCommonsControllerTests.[engine:junit-jupiter]/[class:edu.ucsb.cs156.example.controllers.UCSBDiningCommonsControllerTests]/[method:an_admin_user_can_post_a_new_commons()]
UCSBDiningCommonsController.java,edu.ucsb.cs156.example.controllers.UCSBDiningCommonsController,org.pitest.mutationtest.engine.gregor.mutators.VoidMethodCallMutator,postCommons,94,KILLED,edu.ucsb.cs156.example.controllers.UCSBDiningCommonsControllerTests.[engine:junit-jupiter]/[class:edu.ucsb.cs156.example.controllers.UCSBDiningCommonsControllerTests]/[method:an_admin_user_can_post_a_new_commons()]
UCSBDiningCommonsController.java,edu.ucsb.cs156.example.controllers.UCSBDiningCommonsController,org.pitest.mutationtest.engine.gregor.mutators.VoidMethodCallMutator,postCommons,95,KILLED,edu.ucsb.cs156.example.controllers.UCSBDiningCommonsControllerTests.[engine:junit-jupiter]/[class:edu.ucsb.cs156.example.controllers.UCSBDiningCommonsControllerTests]/[method:an_admin_user_can_post_a_new_commons()]
UCSBDiningCommonsController.java,edu.ucsb.cs156.example.controllers.UCSBDiningCommonsController,org.pitest.mutationtest.engine.gregor.mutators.VoidMethodCallMutator,postCommons,96,KILLED,edu.ucsb.cs156.example.controllers.UCSBDiningCommonsControllerTests.[engine:junit-jupiter]/[class:edu.ucsb.cs156.example.controllers.UCSBDiningCommonsControllerTests]/[method:an_admin_user_can_post_a_new_commons()]
UCSBDiningCommonsController.java,edu.ucsb.cs156.example.controllers.UCSBDiningCommonsController,org.pitest.mutationtest.engine.gregor.mutators.VoidMethodCallMutator,postCommons,97,KILLED,edu.ucsb.cs156.example.controllers.UCSBDiningCommonsControllerTests.[engine:junit-jupiter]/[class:edu.ucsb.cs156.example.controllers.UCSBDiningCommonsControllerTests]/[method:an_admin_user_can_post_a_new_commons()]
UCSBDiningCommonsController.java,edu.ucsb.cs156.example.controllers.UCSBDiningCommonsController,org.pitest.mutationtest.engine.gregor.mutators.VoidMethodCallMutator,postCommons,98,KILLED,edu.ucsb.cs156.example.controllers.UCSBDiningCommonsControllerTests.[engine:junit-jupiter]/[class:edu.ucsb.cs156.example.controllers.UCSBDiningCommonsControllerTests]/[method:an_admin_user_can_post_a_new_commons()]
UCSBDiningCommonsController.java,edu.ucsb.cs156.example.controllers.UCSBDiningCommonsController,org.pitest.mutationtest.engine.gregor.mutators.returns.NullReturnValsMutator,postCommons,102,KILLED,edu.ucsb.cs156.example.controllers.UCSBDiningCommonsControllerTests.[engine:junit-jupiter]/[class:edu.ucsb.cs156.example.controllers.UCSBDiningCommonsControllerTests]/[method:an_admin_user_can_post_a_new_commons()]
UCSBDiningCommonsController.java,edu.ucsb.cs156.example.controllers.UCSBDiningCommonsController,org.pitest.mutationtest.engine.gregor.mutators.VoidMethodCallMutator,updateCommons,139,KILLED,edu.ucsb.cs156.example.controllers.UCSBDiningCommonsControllerTests.[engine:junit-jupiter]/[class:edu.ucsb.cs156.example.controllers.UCSBDiningCommonsControllerTests]/[method:admin_can_edit_an_existing_commons()]
UCSBDiningCommonsController.java,edu.ucsb.cs156.example.controllers.UCSBDiningCommonsController,org.pitest.mutationtest.engine.gregor.mutators.VoidMethodCallMutator,updateCommons,140,KILLED,edu.ucsb.cs156.example.controllers.UCSBDiningCommonsControllerTests.[engine:junit-jupiter]/[class:edu.ucsb.cs156.example.controllers.UCSBDiningCommonsControllerTests]/[method:admin_can_edit_an_existing_commons()]
UCSBDiningCommonsController.java,edu.ucsb.cs156.example.controllers.UCSBDiningCommonsController,org.pitest.mutationtest.engine.gregor.mutators.VoidMethodCallMutator,updateCommons,141,KILLED,edu.ucsb.cs156.example.controllers.UCSBDiningCommonsControllerTests.[engine:junit-jupiter]/[class:edu.ucsb.cs156.example.controllers.UCSBDiningCommonsControllerTests]/[method:admin_can_edit_an_existing_commons()]
UCSBDiningCommonsController.java,edu.ucsb.cs156.example.controllers.UCSBDiningCommonsController,org.pitest.mutationtest.engine.gregor.mutators.VoidMethodCallMutator,updateCommons,142,KILLED,edu.ucsb.cs156.example.controllers.UCSBDiningCommonsControllerTests.[engine:junit-jupiter]/[class:edu.ucsb.cs156.example.controllers.UCSBDiningCommonsControllerTests]/[method:admin_can_edit_an_existing_commons()]
UCSBDiningCommonsController.java,edu.ucsb.cs156.example.controllers.UCSBDiningCommonsController,org.pitest.mutationtest.engine.gregor.mutators.VoidMethodCallMutator,updateCommons,143,KILLED,edu.ucsb.cs156.example.controllers.UCSBDiningCommonsControllerTests.[engine:junit-jupiter]/[class:edu.ucsb.cs156.example.controllers.UCSBDiningCommonsControllerTests]/[method:admin_can_edit_an_existing_commons()]
UCSBDiningCommonsController.java,edu.ucsb.cs156.example.controllers.UCSBDiningCommonsController,org.pitest.mutationtest.engine.gregor.mutators.VoidMethodCallMutator,updateCommons,144,KILLED,edu.ucsb.cs156.example.controllers.UCSBDiningCommonsControllerTests.[engine:junit-jupiter]/[class:edu.ucsb.cs156.example.controllers.UCSBDiningCommonsControllerTests]/[method:admin_can_edit_an_existing_commons()]
UCSBDiningCommonsController.java,edu.ucsb.cs156.example.controllers.UCSBDiningCommonsController,org.pitest.mutationtest.engine.gregor.mutators.returns.NullReturnValsMutator,updateCommons,148,KILLED,edu.ucsb.cs156.example.controllers.UCSBDiningCommonsControllerTests.[engine:junit-jupiter]/[class:edu.ucsb.cs156.example.controllers.UCSBDiningCommonsControllerTests]/[method:admin_can_edit_an_existing_commons()]
UCSBDiningCommonsMenuItemController.java,edu.ucsb.cs156.example.controllers.UCSBDiningCommonsMenuItemController,org.pitest.mutationtest.engine.gregor.mutators.returns.NullReturnValsMutator,allUCSBDates,45,KILLED,edu.ucsb.cs156.example.controllers.UCSBDiningCommonsMenuItemControllerTests.[engine:junit-jupiter]/[class:edu.ucsb.cs156.example.controllers.UCSBDiningCommonsMenuItemControllerTests]/[method:logged_in_user_can_get_all_ucsbdiningcommonsmenuitems()]
UCSBDiningCommonsMenuItemController.java,edu.ucsb.cs156.example.controllers.UCSBDiningCommonsMenuItemController,org.pitest.mutationtest.engine.gregor.mutators.VoidMethodCallMutator,deleteUCSBDate,111,KILLED,edu.ucsb.cs156.example.controllers.UCSBDiningCommonsMenuItemControllerTests.[engine:junit-jupiter]/[class:edu.ucsb.cs156.example.controllers.UCSBDiningCommonsMenuItemControllerTests]/[method:admin_can_delete_a_date()]
UCSBDiningCommonsMenuItemController.java,edu.ucsb.cs156.example.controllers.UCSBDiningCommonsMenuItemController,org.pitest.mutationtest.engine.gregor.mutators.returns.NullReturnValsMutator,deleteUCSBDate,112,KILLED,edu.ucsb.cs156.example.controllers.UCSBDiningCommonsMenuItemControllerTests.[engine:junit-jupiter]/[class:edu.ucsb.cs156.example.controllers.UCSBDiningCommonsMenuItemControllerTests]/[method:admin_can_delete_a_date()]
UCSBDiningCommonsMenuItemController.java,edu.ucsb.cs156.example.controllers.UCSBDiningCommonsMenuItemController,org.pitest.mutationtest.engine.gregor.mutators.returns.NullReturnValsMutator,getById,81,KILLED,edu.ucsb.cs156.example.controllers.UCSBDiningCommonsMenuItemControllerTests.[engine:junit-jupiter]/[class:edu.ucsb.cs156.example.controllers.UCSBDiningCommonsMenuItemControllerTests]/[method:test_that_logged_in_user_can_get_by_id_when_the_id_exists()]
UCSBDiningCommonsMenuItemController.java,edu.ucsb.cs156.example.controllers.UCSBDiningCommonsMenuItemController,org.pitest.mutationtest.engine.gregor.mutators.returns.NullReturnValsMutator,lambda$deleteUCSBDate$2,109,KILLED,edu.ucsb.cs156.example.controllers.UCSBDiningCommonsMenuItemControllerTests.[engine:junit-jupiter]/[class:edu.ucsb.cs156.example.controllers.UCSBDiningCommonsMenuItemControllerTests]/[method:admin_tries_to_delete_non_existant_ucsbdate_and_gets_right_error_message()]
UCSBDiningCommonsMenuItemController.java,edu.ucsb.cs156.example.controllers.UCSBDiningCommonsMenuItemController,org.pitest.mutationtest.engine.gregor.mutators.returns.NullReturnValsMutator,lambda$getById$0,79,KILLED,edu.ucsb.cs156.example.controllers.UCSBDiningCommonsMenuItemControllerTests.[engine:junit-jupiter]/[class:edu.ucsb.cs156.example.controllers.UCSBDiningCommonsMenuItemControllerTests]/[method:test_that_logged_in_user_can_get_by_id_when_the_id_does_not_exist()]
UCSBDiningCommonsMenuItemController.java,edu.ucsb.cs156.example.controllers.UCSBDiningCommonsMenuItemController,org.pitest.mutationtest.engine.gregor.mutators.returns.NullReturnValsMutator,lambda$updateUCSBDiningCommonsMenuItem$1,92,KILLED,edu.ucsb.cs156.example.controllers.UCSBDiningCommonsMenuItemControllerTests.[engine:junit-jupiter]/[class:edu.ucsb.cs156.example.controllers.UCSBDiningCommonsMenuItemControllerTests]/[method:admin_cannot_edit_ucsbdate_that_does_not_exist()]
UCSBDiningCommonsMenuItemController.java,edu.ucsb.cs156.example.controllers.UCSBDiningCommonsMenuItemController,org.pitest.mutationtest.engine.gregor.mutators.VoidMethodCallMutator,postUCSBDiningCommonsMenuItems,63,KILLED,edu.ucsb.cs156.example.controllers.UCSBDiningCommonsMenuItemControllerTests.[engine:junit-jupiter]/[class:edu.ucsb.cs156.example.controllers.UCSBDiningCommonsMenuItemControllerTests]/[method:an_admin_user_can_post_a_new_ucsbmenuitem()]
UCSBDiningCommonsMenuItemController.java,edu.ucsb.cs156.example.controllers.UCSBDiningCommonsMenuItemController,org.pitest.mutationtest.engine.gregor.mutators.VoidMethodCallMutator,postUCSBDiningCommonsMenuItems,64,KILLED,edu.ucsb.cs156.example.controllers.UCSBDiningCommonsMenuItemControllerTests.[engine:junit-jupiter]/[class:edu.ucsb.cs156.example.controllers.UCSBDiningCommonsMenuItemControllerTests]/[method:an_admin_user_can_post_a_new_ucsbmenuitem()]
UCSBDiningCommonsMenuItemController.java,edu.ucsb.cs156.example.controllers.UCSBDiningCommonsMenuItemController,org.pitest.mutationtest.engine.gregor.mutators.VoidMethodCallMutator,postUCSBDiningCommonsMenuItems,65,KILLED,edu.ucsb.cs156.example.controllers.UCSBDiningCommonsMenuItemControllerTests.[engine:junit-jupiter]/[class:edu.ucsb.cs156.example.controllers.UCSBDiningCommonsMenuItemControllerTests]/[method:an_admin_user_can_post_a_new_ucsbmenuitem()]
UCSBDiningCommonsMenuItemController.java,edu.ucsb.cs156.example.controllers.UCSBDiningCommonsMenuItemController,org.pitest.mutationtest.engine.gregor.mutators.returns.NullReturnValsMutator,postUCSBDiningCommonsMenuItems,69,KILLED,edu.ucsb.cs156.example.controllers.UCSBDiningCommonsMenuItemControllerTests.[engine:junit-jupiter]/[class:edu.ucsb.cs156.example.controllers.UCSBDiningCommonsMenuItemControllerTests]/[method:an_admin_user_can_post_a_new_ucsbmenuitem()]
UCSBDiningCommonsMenuItemController.java,edu.ucsb.cs156.example.controllers.UCSBDiningCommonsMenuItemController,org.pitest.mutationtest.engine.gregor.mutators.VoidMethodCallMutator,updateUCSBDiningCommonsMenuItem,94,KILLED,edu.ucsb.cs156.example.controllers.UCSBDiningCommonsMenuItemControllerTests.[engine:junit-jupiter]/[class:edu.ucsb.cs156.example.controllers.UCSBDiningCommonsMenuItemControllerTests]/[method:admin_can_edit_an_existing_ucsbdiningcommonsmenuitem()]
UCSBDiningCommonsMenuItemController.java,edu.ucsb.cs156.example.controllers.UCSBDiningCommonsMenuItemController,org.pitest.mutationtest.engine.gregor.mutators.VoidMethodCallMutator,updateUCSBDiningCommonsMenuItem,95,KILLED,edu.ucsb.cs156.example.controllers.UCSBDiningCommonsMenuItemControllerTests.[engine:junit-jupiter]/[class:edu.ucsb.cs156.example.controllers.UCSBDiningCommonsMenuItemControllerTests]/[method:admin_can_edit_an_existing_ucsbdiningcommonsmenuitem()]
UCSBDiningCommonsMenuItemController.java,edu.ucsb.cs156.example.controllers.UCSBDiningCommonsMenuItemController,org.pitest.mutationtest.engine.gregor.mutators.VoidMethodCallMutator,updateUCSBDiningCommonsMenuItem,96,KILLED,edu.ucsb.cs156.example.controllers.UCSBDiningCommonsMenuItemControllerTests.[engine:junit-jupiter]/[class:edu.ucsb.cs156.example.controllers.UCSBDiningCommonsMenuItemControllerTests]/[method:admin_can_edit_an_existing_ucsbdiningcommonsmenuitem()]
UCSBDiningCommonsMenuItemController.java,edu.ucsb.cs156.example.controllers.UCSBDiningCommonsMenuItemController,org.pitest.mutationtest.engine.gregor.mutators.returns.NullReturnValsMutator,updateUCSBDiningCommonsMenuItem,100,KILLED,edu.ucsb.cs156.example.controllers.UCSBDiningCommonsMenuItemControllerTests.[engine:junit-jupiter]/[class:edu.ucsb.cs156.example.controllers.UCSBDiningCommonsMenuItemControllerTests]/[method:admin_can_edit_an_existing_ucsbdiningcommonsmenuitem()]
UCSBOrganizationsController.java,edu.ucsb.cs156.example.controllers.UCSBOrganizationsController,org.pitest.mutationtest.engine.gregor.mutators.returns.NullReturnValsMutator,allOrgss,39,KILLED,edu.ucsb.cs156.example.controllers.UCSBOrganizationsControllerTests.[engine:junit-jupiter]/[class:edu.ucsb.cs156.example.controllers.UCSBOrganizationsControllerTests]/[method:logged_in_user_can_get_all_ucsborganizations()]
UCSBOrganizationsController.java,edu.ucsb.cs156.example.controllers.UCSBOrganizationsController,org.pitest.mutationtest.engine.gregor.mutators.VoidMethodCallMutator,deleteOrgs,81,KILLED,edu.ucsb.cs156.example.controllers.UCSBOrganizationsControllerTests.[engine:junit-jupiter]/[class:edu.ucsb.cs156.example.controllers.UCSBOrganizationsControllerTests]/[method:admin_can_delete_a_date()]
UCSBOrganizationsController.java,edu.ucsb.cs156.example.controllers.UCSBOrganizationsController,org.pitest.mutationtest.engine.gregor.mutators.returns.NullReturnValsMutator,deleteOrgs,82,KILLED,edu.ucsb.cs156.example.controllers.UCSBOrganizationsControllerTests.[engine:junit-jupiter]/[class:edu.ucsb.cs156.example.controllers.UCSBOrganizationsControllerTests]/[method:admin_can_delete_a_date()]
UCSBOrganizationsController.java,edu.ucsb.cs156.example.controllers.UCSBOrganizationsController,org.pitest.mutationtest.engine.gregor.mutators.returns.NullReturnValsMutator,getById,70,KILLED,edu.ucsb.cs156.example.controllers.UCSBOrganizationsControllerTests.[engine:junit-jupiter]/[class:edu.ucsb.cs156.example.controllers.UCSBOrganizationsControllerTests]/[method:test_that_logged_in_user_can_get_by_id_when_the_id_exists()]
UCSBOrganizationsController.java,edu.ucsb.cs156.example.controllers.UCSBOrganizationsController,org.pitest.mutationtest.engine.gregor.mutators.returns.NullReturnValsMutator,lambda$deleteOrgs$1,79,KILLED,edu.ucsb.cs156.example.controllers.UCSBOrganizationsControllerTests.[engine:junit-jupiter]/[class:edu.ucsb.cs156.example.controllers.UCSBOrganizationsControllerTests]/[method:admin_tries_to_delete_non_existant_commons_and_gets_right_error_message()]
UCSBOrganizationsController.java,edu.ucsb.cs156.example.controllers.UCSBOrganizationsController,org.pitest.mutationtest.engine.gregor.mutators.returns.NullReturnValsMutator,lambda$getById$0,68,KILLED,edu.ucsb.cs156.example.controllers.UCSBOrganizationsControllerTests.[engine:junit-jupiter]/[class:edu.ucsb.cs156.example.controllers.UCSBOrganizationsControllerTests]/[method:test_that_logged_in_user_can_get_by_id_when_the_id_does_not_exist()]
UCSBOrganizationsController.java,edu.ucsb.cs156.example.controllers.UCSBOrganizationsController,org.pitest.mutationtest.engine.gregor.mutators.returns.NullReturnValsMutator,lambda$updateOrgs$2,93,KILLED,edu.ucsb.cs156.example.controllers.UCSBOrganizationsControllerTests.[engine:junit-jupiter]/[class:edu.ucsb.cs156.example.controllers.UCSBOrganizationsControllerTests]/[method:admin_cannot_edit_commons_that_does_not_exist()]
UCSBOrganizationsController.java,edu.ucsb.cs156.example.controllers.UCSBOrganizationsController,org.pitest.mutationtest.engine.gregor.mutators.VoidMethodCallMutator,postOrgs,52,KILLED,edu.ucsb.cs156.example.controllers.UCSBOrganizationsControllerTests.[engine:junit-jupiter]/[class:edu.ucsb.cs156.example.controllers.UCSBOrganizationsControllerTests]/[method:an_admin_user_can_post_a_new_commons()]
UCSBOrganizationsController.java,edu.ucsb.cs156.example.controllers.UCSBOrganizationsController,org.pitest.mutationtest.engine.gregor.mutators.VoidMethodCallMutator,postOrgs,53,KILLED,edu.ucsb.cs156.example.controllers.UCSBOrganizationsControllerTests.[engine:junit-jupiter]/[class:edu.ucsb.cs156.example.controllers.UCSBOrganizationsControllerTests]/[method:an_admin_user_can_post_a_new_commons()]
UCSBOrganizationsController.java,edu.ucsb.cs156.example.controllers.UCSBOrganizationsController,org.pitest.mutationtest.engine.gregor.mutators.VoidMethodCallMutator,postOrgs,54,KILLED,edu.ucsb.cs156.example.controllers.UCSBOrganizationsControllerTests.[engine:junit-jupiter]/[class:edu.ucsb.cs156.example.controllers.UCSBOrganizationsControllerTests]/[method:an_admin_user_can_post_a_new_commons()]
UCSBOrganizationsController.java,edu.ucsb.cs156.example.controllers.UCSBOrganizationsController,org.pitest.mutationtest.engine.gregor.mutators.VoidMethodCallMutator,postOrgs,55,KILLED,edu.ucsb.cs156.example.controllers.UCSBOrganizationsControllerTests.[engine:junit-jupiter]/[class:edu.ucsb.cs156.example.controllers.UCSBOrganizationsControllerTests]/[method:an_admin_user_can_post_a_new_commons()]
UCSBOrganizationsController.java,edu.ucsb.cs156.example.controllers.UCSBOrganizationsController,org.pitest.mutationtest.engine.gregor.mutators.returns.NullReturnValsMutator,postOrgs,59,KILLED,edu.ucsb.cs156.example.controllers.UCSBOrganizationsControllerTests.[engine:junit-jupiter]/[class:edu.ucsb.cs156.example.controllers.UCSBOrganizationsControllerTests]/[method:an_admin_user_can_post_a_new_commons()]
UCSBOrganizationsController.java,edu.ucsb.cs156.example.controllers.UCSBOrganizationsController,org.pitest.mutationtest.engine.gregor.mutators.VoidMethodCallMutator,updateOrgs,96,KILLED,edu.ucsb.cs156.example.controllers.UCSBOrganizationsControllerTests.[engine:junit-jupiter]/[class:edu.ucsb.cs156.example.controllers.UCSBOrganizationsControllerTests]/[method:admin_can_edit_an_existing_commons()]
UCSBOrganizationsController.java,edu.ucsb.cs156.example.controllers.UCSBOrganizationsController,org.pitest.mutationtest.engine.gregor.mutators.VoidMethodCallMutator,updateOrgs,97,KILLED,edu.ucsb.cs156.example.controllers.UCSBOrganizationsControllerTests.[engine:junit-jupiter]/[class:edu.ucsb.cs156.example.controllers.UCSBOrganizationsControllerTests]/[method:admin_can_edit_an_existing_commons()]
UCSBOrganizationsController.java,edu.ucsb.cs156.example.controllers.UCSBOrganizationsController,org.pitest.mutationtest.engine.gregor.mutators.VoidMethodCallMutator,updateOrgs,98,KILLED,edu.ucsb.cs156.example.controllers.UCSBOrganizationsControllerTests.[engine:junit-jupiter]/[class:edu.ucsb.cs156.example.controllers.UCSBOrganizationsControllerTests]/[method:admin_can_edit_an_existing_commons()]
UCSBOrganizationsController.java,edu.ucsb.cs156.example.controllers.UCSBOrganizationsController,org.pitest.mutationtest.engine.gregor.mutators.returns.NullReturnValsMutator,updateOrgs,102,KILLED,edu.ucsb.cs156.example.controllers.UCSBOrganizationsControllerTests.[engine:junit-jupiter]/[class:edu.ucsb.cs156.example.controllers.UCSBOrganizationsControllerTests]/[method:admin_can_edit_an_existing_commons()]
UserInfoController.java,edu.ucsb.cs156.example.controllers.UserInfoController,org.pitest.mutationtest.engine.gregor.mutators.returns.NullReturnValsMutator,getCurrentUser,33,KILLED,edu.ucsb.cs156.example.controllers.UserInfoControllerTests.[engine:junit-jupiter]/[class:edu.ucsb.cs156.example.controllers.UserInfoControllerTests]/[method:currentUser__logged_in()]
UsersController.java,edu.ucsb.cs156.example.controllers.UsersController,org.pitest.mutationtest.engine.gregor.mutators.returns.NullReturnValsMutator,users,46,KILLED,edu.ucsb.cs156.example.controllers.UsersControllerTests.[engine:junit-jupiter]/[class:edu.ucsb.cs156.example.controllers.UsersControllerTests]/[method:users__admin_logged_in()]
CurrentUserService.java,edu.ucsb.cs156.example.services.CurrentUserService,org.pitest.mutationtest.engine.gregor.mutators.NegateConditionalsMutator,isLoggedIn,42,KILLED,edu.ucsb.cs156.example.services.CurrentUserServiceTests.[engine:junit-jupiter]/[class:edu.ucsb.cs156.example.services.CurrentUserServiceTests]/[method:test_isLoggedIn_returns_false()]
CurrentUserService.java,edu.ucsb.cs156.example.services.CurrentUserService,org.pitest.mutationtest.engine.gregor.mutators.returns.BooleanTrueReturnValsMutator,isLoggedIn,42,KILLED,edu.ucsb.cs156.example.services.CurrentUserServiceTests.[engine:junit-jupiter]/[class:edu.ucsb.cs156.example.services.CurrentUserServiceTests]/[method:test_isLoggedIn_returns_false()]
GrantedAuthoritiesService.java,edu.ucsb.cs156.example.services.GrantedAuthoritiesService,org.pitest.mutationtest.engine.gregor.mutators.returns.EmptyObjectReturnValsMutator,getGrantedAuthorities,32,KILLED,edu.ucsb.cs156.example.services.GrantedAuthoritiesServiceTests.[engine:junit-jupiter]/[class:edu.ucsb.cs156.example.services.GrantedAuthoritiesServiceTests]/[method:test_getGrantedAuthorities()]
SystemInfoServiceImpl.java,edu.ucsb.cs156.example.services.SystemInfoServiceImpl,org.pitest.mutationtest.engine.gregor.mutators.returns.NullReturnValsMutator,getSystemInfo,43,KILLED,edu.ucsb.cs156.example.services.SystemInfoServiceImplTests.[engine:junit-jupiter]/[class:edu.ucsb.cs156.example.services.SystemInfoServiceImplTests]/[method:test_getSystemInfo()]
